{
  "rules": {
    "class-name": true,
    "curly": true,
    "eofline": true,
    "forin": true,
    "indent": [true, 4],
    "label-position": true,
    "max-line-length": {
      "options": 140,
      "severity": "warning"
    },
    "no-arg": true,
    "no-bitwise": false,
    "no-console": [true, "debug", "info", "time", "timeEnd", "trace"],
    "no-construct": true,
    "no-debugger": true,
    "no-duplicate-variable": true,
    "no-empty": true,
    "no-eval": true,
    "no-string-literal": true,
    "no-trailing-whitespace": true,
    "no-use-before-declare": false,
    "one-line": [
      true,
      "check-open-brace",
      "check-catch",
      "check-else",
      "check-whitespace"
    ],
    "quotemark": [true, "single"],
    "radix": true,
    "semicolon": true,
    "triple-equals": [true, "allow-null-check"],
    "variable-name": false,
    "whitespace": [
      true,
      "check-branch",
      "check-decl",
      "check-operator",
      "check-separator",
      "check-type"
    ]
  }
}
