﻿[{"id":"105aae79.efa552","type":"inject","name":"","topic":"","payload":"","payloadType":"none","repeat":"","crontab":"","once":false,"x":203,"y":155,"z":"d1135790.2eeca8","wires":[["1d0384fd.e2fc7b"]]},{"id":"1d0384fd.e2fc7b","type":"function","name":"","func":"msg = {\n  \"payload\": \"phone\",\n  \"columns\": [\n    {\n      \"key\": \"price\",\n      \"type\": \"numeric\",\n      \"goal\": \"min\",\n      \"full_name\": \"Price\",\n      \"is_objective\": true,\n      \"format\": \"â‚¬####0.00\"\n    },\n    {\n      \"key\": \"brand\",\n      \"type\": \"categorical\",\n      \"goal\": \"min\",\n      \"full_name\": \"Brand\",\n      \"is_objective\": true,\n      \"range\": [\n        \"Samsung\",\n        \"Apple\",\n        \"HTC\",\n        \"LG\",\n        \"Nokia\",\n        \"Sony\"\n      ],\n      \"preference\": [\n        \"Samsung\",\n        \"Apple\",\n        \"HTC\",\n        \"LG\",\n        \"Nokia\",\n        \"Sony\"\n      ]\n    },\n    {\n      \"key\": \"RAM\",\n      \"type\": \"numeric\",\n      \"goal\": \"max\",\n      \"full_name\": \"RAM (MB)\",\n      \"is_objective\": false\n    },\n    {\n      \"key\": \"screen_size\",\n      \"type\": \"numeric\",\n      \"goal\": \"max\",\n      \"full_name\": \"Screen (inch)\",\n      \"is_objective\": true\n    },\n    {\n      \"key\": \"camera\",\n      \"type\": \"numeric\",\n      \"goal\": \"max\",\n      \"full_name\": \"Camera\",\n      \"is_objective\": false,\n      \"format\": \"####0 MP\"\n    },\n    {\n      \"key\": \"memory_size\",\n      \"type\": \"numeric\",\n      \"goal\": \"max\",\n      \"full_name\": \"Memory\",\n      \"is_objective\": false,\n      \"format\": \"####0 GB\"\n    },\n    {\n      \"key\": \"battery\",\n      \"type\": \"numeric\",\n      \"goal\": \"max\",\n      \"full_name\": \"Battery (mAh)\",\n      \"is_objective\": false\n    },\n    {\n      \"key\": \"weight\",\n      \"type\": \"numeric\",\n      \"goal\": \"min\",\n      \"full_name\": \"Weight\",\n      \"is_objective\": true,\n      \"format\": \"####0 g\"\n    },\n    {\n      \"key\": \"rDate\",\n      \"type\": \"datetime\",\n      \"goal\": \"max\",\n      \"full_name\": \"Release Date\",\n      \"is_objective\": false\n    }\n  ],\n  \"options\": [\n    {\n      \"key\": \" 1\",\n      \"name\": \"Samsung Galaxy S4 White\",\n      \"values\": {\n        \"weight\": 130,\n        \"price\": 239,\n        \"RAM\": 2048,\n        \"battery\": 2600,\n        \"camera\": 13,\n        \"memory_size\": 16,\n        \"screen_size\": 5,\n        \"brand\": \"Samsung\",\n        \"rDate\": \"2013-04-29T00:00:00Z\"\n      },\n      \"description_html\": \"<img style='max-height: 100px; max-width: 100px;'  src='http://upload.wikimedia.org/wikipedia/commons/thumb/3/3d/Samsung_GALAXY_S4_zoom_%28White%29.jpg/800px-Samsung_GALAXY_S4_zoom_%28White%29.jpg'/> <a title='Photo by Samsung Belgium (Flickr: GALAXY S4 zoom (1)) [CC BY 2.0 (http://creativecommons.org/licenses/by/2.0)], via Wikimedia Commons' href='http://commons.wikimedia.org/wiki/File:Samsung_GALAXY_S4_zoom_(White).jpg' target='_blank'> <img style='max-height: 14px; max-width: 14px;'  src='http://mirrors.creativecommons.org/presskit/icons/cc.png'/> </a>\"\n    },\n    {\n      \"key\": \"2\",\n      \"name\": \"Samsung Galaxy S4 Black\",\n      \"values\": {\n        \"weight\": 130,\n        \"price\": 239,\n        \"RAM\": 2048,\n        \"battery\": 2600,\n        \"camera\": 13,\n        \"memory_size\": 16,\n        \"screen_size\": 5,\n        \"brand\": \"Samsung\",\n        \"rDate\": \"2013-04-29T00:00:00Z\"\n      },\n      \"description_html\": \"<img style='max-height: 100px; max-width: 100px;'  src='http://upload.wikimedia.org/wikipedia/commons/thumb/f/f2/Samsung_Galaxy_S4.jpg/200px-Samsung_Galaxy_S4.jpg'/><a title='Photo by Karlis Dambrans (Flickr: Samsung Galaxy S4) [CC BY 2.0 (http://creativecommons.org/licenses/by/2.0)], via Wikimedia Commons' href='http://commons.wikimedia.org/wiki/File:Samsung_Galaxy_S4.jpg' target='_blank'> <img style='max-height: 14px; max-width: 14px;'  src='http://mirrors.creativecommons.org/presskit/icons/cc.png'/> </a>\"\n    },\n    {\n      \"key\": \"3\",\n      \"name\": \"Samsung Galaxy S3 White\",\n      \"values\": {\n        \"weight\": 133,\n        \"price\": 79,\n        \"RAM\": 2048,\n        \"battery\": 2100,\n        \"camera\": 8,\n        \"memory_size\": 16,\n        \"screen_size\": 4.8,\n        \"brand\": \"Samsung\",\n        \"rDate\": \"2012-05-29T00:00:00Z\"\n      },\n      \"description_html\": \"<img style='max-height: 100px; max-width: 100px;'  src='http://upload.wikimedia.org/wikipedia/commons/thumb/d/d6/Samsung_Galaxy_S_III.png/300px-Samsung_Galaxy_S_III.png'/> <a title='Photo by GalaxyOptimus (Own work) [CC BY-SA 3.0 (http://creativecommons.org/licenses/by-sa/3.0)], via Wikimedia Commons' href='http://commons.wikimedia.org/wiki/File:Samsung_Galaxy_S_III.png' target='_blank'> <img style='max-height: 14px; max-width: 14px;'  src='http://mirrors.creativecommons.org/presskit/icons/cc.png'/> </a>\"\n    },\n    {\n      \"key\": \"4\",\n      \"name\": \"Samsung Galaxy S3 Blue\",\n      \"values\": {\n        \"weight\": 133,\n        \"price\": 79,\n        \"RAM\": 2048,\n        \"battery\": 2100,\n        \"camera\": 8,\n        \"memory_size\": 16,\n        \"screen_size\": 4.8,\n        \"brand\": \"Samsung\",\n        \"rDate\": \"2012-05-29T00:00:00Z\"\n      },\n      \"description_html\": \"<img style='max-height: 100px; max-width: 100px;'  src='http://upload.wikimedia.org/wikipedia/commons/thumb/7/7a/Samsung_Galaxy_S_Advance_i9070.JPG/250px-Samsung_Galaxy_S_Advance_i9070.JPG'/> <a title='Photo by Macs79 (Own work) [CC BY-SA 3.0 (http://creativecommons.org/licenses/by-sa/3.0)], via Wikimedia Commons' href='http://commons.wikimedia.org/wiki/File:Samsung_Galaxy_S_Advance_i9070.JPG' target='_blank'> <img style='max-height: 14px; max-width: 14px;'  src='http://mirrors.creativecommons.org/presskit/icons/cc.png'/> </a>\"\n    },\n    {\n      \"key\": \"5\",\n      \"name\": \"Samsung Galaxy S3 mini White\",\n      \"values\": {\n        \"weight\": 111,\n        \"price\": 299,\n        \"RAM\": 1024,\n        \"battery\": 1000,\n        \"camera\": 5,\n        \"memory_size\": 8,\n        \"screen_size\": 4,\n        \"brand\": \"Samsung\",\n        \"rDate\": \"2012-10-01T00:00:00Z\"\n      },\n      \"description_html\": \"<img style='max-height: 100px; max-width: 100px;'  src='http://upload.wikimedia.org/wikipedia/commons/thumb/6/6a/Samsung_Galaxy_S_III_mini.png/300px-Samsung_Galaxy_S_III_mini.png'/> <a title='Photo by GalaxyOptimus (Own work) [CC BY-SA 3.0 (http://creativecommons.org/licenses/by-sa/3.0)], via Wikimedia Commons' href='http://commons.wikimedia.org/wiki/File:Samsung_Galaxy_S_III_mini.png' target='_blank'> <img style='max-height: 14px; max-width: 14px;'  src='http://mirrors.creativecommons.org/presskit/icons/cc.png'/> </a>\"\n    },\n    {\n      \"key\": \"6\",\n      \"name\": \"Apple iPhone 5 White\",\n      \"values\": {\n        \"weight\": 112,\n        \"price\": 449,\n        \"RAM\": 1024,\n        \"battery\": 1440,\n        \"camera\": 8,\n        \"memory_size\": 32,\n        \"screen_size\": 4,\n        \"brand\": \"Apple\",\n        \"rDate\": \"2012-09-21T00:00:00Z\"\n      },\n      \"description_html\": \"<img style='max-height: 100px; max-width: 100px;'  src='http://upload.wikimedia.org/wikipedia/commons/thumb/9/9d/IPhone5white.png/228px-IPhone5white.png'/> <a title='Photo by Pixeden.com [CC BY 3.0 (http://creativecommons.org/licenses/by/3.0)], via Wikimedia Commons' href='http://commons.wikimedia.org/wiki/File:IPhone5white.png' target='_blank'> <img style='max-height: 14px; max-width: 14px;'  src='http://mirrors.creativecommons.org/presskit/icons/cc.png'/> </a>\"\n    },\n    {\n      \"key\": \"7\",\n      \"name\": \"Apple iPhone 5 Black\",\n      \"values\": {\n        \"weight\": 112,\n        \"price\": 449,\n        \"RAM\": 1024,\n        \"battery\": 1440,\n        \"camera\": 8,\n        \"memory_size\": 32,\n        \"screen_size\": 4,\n        \"brand\": \"Apple\",\n        \"rDate\": \"2012-09-21T00:00:00Z\"\n      },\n      \"description_html\": \"<img style='max-height: 100px; max-width: 100px;'  src='http://upload.wikimedia.org/wikipedia/commons/thumb/f/fa/IPhone_5.png/300px-IPhone_5.png'/> <a title='Photo by Zach Vega (Own work) [CC BY-SA 3.0 (http://creativecommons.org/licenses/by-sa/3.0)], via Wikimedia Commons' href='http://commons.wikimedia.org/wiki/File:IPhone_5.png' target='_blank'> <img style='max-height: 14px; max-width: 14px;'  src='http://mirrors.creativecommons.org/presskit/icons/cc.png'/> </a>\"\n    },\n    {\n      \"key\": \"9\",\n      \"name\": \"HTC One\",\n      \"values\": {\n        \"weight\": 143,\n        \"price\": 189,\n        \"RAM\": 2048,\n        \"battery\": 2300,\n        \"camera\": 4,\n        \"memory_size\": 32,\n        \"screen_size\": 4.7,\n        \"brand\": \"HTC\",\n        \"rDate\": \"2013-03-01T00:00:00Z\"\n      },\n      \"description_html\": \"<img style='max-height: 100px; max-width: 100px;'  src='http://upload.wikimedia.org/wikipedia/commons/thumb/7/70/HTC_One.png/149px-HTC_One.png'/> <a title='Photo by M0rphzone (Own work) [CC BY-SA 3.0 (http://creativecommons.org/licenses/by-sa/3.0)], via Wikimedia Commons' href='http://commons.wikimedia.org/wiki/File:HTC_One.png' target='_blank'> <img style='max-height: 14px; max-width: 14px;'  src='http://mirrors.creativecommons.org/presskit/icons/cc.png'/> </a>\"\n    },\n    {\n      \"key\": \"10\",\n      \"name\": \"LG Optimus G\",\n      \"values\": {\n        \"weight\": 145,\n        \"price\": 189,\n        \"RAM\": 1024,\n        \"battery\": 2100,\n        \"camera\": 13,\n        \"memory_size\": 32,\n        \"screen_size\": 4.7,\n        \"brand\": \"LG\",\n        \"rDate\": \"2012-09-19T00:00:00Z\"\n      },\n      \"description_html\": \"<img style='max-height: 100px; max-width: 100px;'  src='http://upload.wikimedia.org/wikipedia/commons/thumb/e/e1/LG_Optimus_G_%28Black%29.jpg/330px-LG_Optimus_G_%28Black%29.jpg'/> <a title='[CC BY 2.0 (http://creativecommons.org/licenses/by/2.0)], via Wikimedia Commons' href='http://commons.wikimedia.org/wiki/File:LG_Optimus_G_(Black).jpg' target='_blank'> <img style='max-height: 14px; max-width: 14px;'  src='http://mirrors.creativecommons.org/presskit/icons/cc.png'/> </a>\"\n    },\n    {\n      \"key\": \"11\",\n      \"name\": \"Nokia Lumia 520\",\n      \"values\": {\n        \"weight\": 124,\n        \"price\": 199,\n        \"RAM\": 512,\n        \"battery\": 1430,\n        \"camera\": 5,\n        \"memory_size\": 8,\n        \"screen_size\": 4,\n        \"brand\": \"Nokia\",\n        \"rDate\": \"2013-02-25T00:00:00Z\"\n      },\n      \"description_html\": \"<img style='max-height: 100px; max-width: 100px;'  src='http://upload.wikimedia.org/wikipedia/commons/thumb/4/4a/Lumia_520.jpg/450px-Lumia_520.jpg'/> <a title='Photo by Krby Dambrns from Latvia (MWC Barcelona 2013 260  Uploaded by RaviC) [CC BY 2.0 (http://creativecommons.org/licenses/by/2.0)], via Wikimedia Commons' href='http://commons.wikimedia.org/wiki/File:Lumia_520.jpg' target='_blank'> <img style='max-height: 14px; max-width: 14px;'  src='http://mirrors.creativecommons.org/presskit/icons/cc.png'/> </a>\"\n    },\n    {\n      \"key\": \"13\",\n      \"name\": \"Samsung Galaxy Ace 2 Black\",\n      \"values\": {\n        \"weight\": 122,\n        \"price\": 220,\n        \"RAM\": 768,\n        \"battery\": 1000,\n        \"camera\": 5,\n        \"memory_size\": 4,\n        \"screen_size\": 3.8,\n        \"brand\": \"Samsung\",\n        \"rDate\": \"2012-02-05T00:00:00Z\"\n      },\n      \"description_html\": \"<img style='max-height: 100px; max-width: 100px;'  src='http://upload.wikimedia.org/wikipedia/commons/thumb/3/3a/Front_Ace_2.JPG/330px-Front_Ace_2.JPG'/> <a title='Photo by Fan samsung ace2 (Own work) [CC BY-SA 3.0 (http://creativecommons.org/licenses/by-sa/3.0)], via Wikimedia Commons' href='http://commons.wikimedia.org/wiki/File:Front_Ace_2.JPG' target='_blank'> <img style='max-height: 14px; max-width: 14px;'  src='http://mirrors.creativecommons.org/presskit/icons/cc.png'/> </a>\"\n    },\n    {\n      \"key\": \"14\",\n      \"name\": \"Samsung Galaxy Mini 2 Black\",\n      \"values\": {\n        \"weight\": 105,\n        \"price\": 220,\n        \"RAM\": 512,\n        \"battery\": 1300,\n        \"camera\": 3.15,\n        \"memory_size\": 4,\n        \"screen_size\": 3.27,\n        \"brand\": \"Samsung\",\n        \"rDate\": \"2012-02-05T00:00:00Z\"\n      },\n      \"description_html\": \"<img style='max-height: 100px; max-width: 100px;'  src='http://upload.wikimedia.org/wikipedia/commons/thumb/3/3d/GT-S6500L.jpg/375px-GT-S6500L.jpg'/> <a title='Photo by Eriqvaldezz (Own work) [GFDL (http://www.gnu.org/copyleft/fdl.html) or CC BY 3.0 (http://creativecommons.org/licenses/by/3.0)], via Wikimedia Commons' href='http://commons.wikimedia.org/wiki/File:GT-S6500L.jpg' target='_blank'> <img style='max-height: 14px; max-width: 14px;'  src='http://mirrors.creativecommons.org/presskit/icons/cc.png'/> </a>\"\n    },\n    {\n      \"key\": \"15\",\n      \"name\": \"Sony Xperia P Silver\",\n      \"values\": {\n        \"weight\": 120,\n        \"price\": 255,\n        \"RAM\": 1024,\n        \"battery\": 1305,\n        \"camera\": 8,\n        \"memory_size\": 16,\n        \"screen_size\": 4,\n        \"brand\": \"Sony\",\n        \"rDate\": \"2012-02-27T00:00:00Z\"\n      },\n      \"description_html\": \"<img style='max-height: 100px; max-width: 100px;'  src='http://upload.wikimedia.org/wikipedia/commons/thumb/a/ac/Xperia_P.jpg/330px-Xperia_P.jpg'/> <a title='Photo by vsy (http://www.flickr.com/photos/vsy/7176314726/) [CC BY-SA 2.0 (http://creativecommons.org/licenses/by-sa/2.0)], via Wikimedia Commons' href='http://commons.wikimedia.org/wiki/File:Xperia_P.jpg' target='_blank'> <img style='max-height: 14px; max-width: 14px;'  src='http://mirrors.creativecommons.org/presskit/icons/cc.png'/> </a>\"\n    }\n  ]\n}\n\n\n\nreturn msg;","outputs":1,"noerr":0,"x":409,"y":151,"z":"d1135790.2eeca8","wires":[["60ff33cb.9f00cc"]]},{"id":"60ff33cb.9f00cc","type":"watson-tradeoff-analytics","name":"","x":641,"y":155,"z":"d1135790.2eeca8","wires":[["6f8db948.907248"]]},{"id":"6f8db948.907248","type":"debug","name":"","active":true,"console":"false","complete":"resolution","x":907,"y":152,"z":"d1135790.2eeca8","wires":[]}]