{
 "nodes": {
  "node-red": {
   "name": "node-red",
   "version": "0.17.5",
   "local": false,
   "nodes": {
    "sentiment": {
     "name": "sentiment",
     "types": [
      "sentiment"
     ],
     "enabled": true,
     "local": false,
     "module": "node-red",
     "file": "/Users/silveirado/dev/nodered-mqtt-apollo-seed/node_modules/node-red/nodes/core/analysis/72-sentiment.js"
    },
    "inject": {
     "name": "inject",
     "types": [
      "inject"
     ],
     "enabled": true,
     "local": false,
     "module": "node-red",
     "file": "/Users/silveirado/dev/nodered-mqtt-apollo-seed/node_modules/node-red/nodes/core/core/20-inject.js"
    },
    "catch": {
     "name": "catch",
     "types": [
      "catch"
     ],
     "enabled": true,
     "local": false,
     "module": "node-red",
     "file": "/Users/silveirado/dev/nodered-mqtt-apollo-seed/node_modules/node-red/nodes/core/core/25-catch.js"
    },
    "status": {
     "name": "status",
     "types": [
      "status"
     ],
     "enabled": true,
     "local": false,
     "module": "node-red",
     "file": "/Users/silveirado/dev/nodered-mqtt-apollo-seed/node_modules/node-red/nodes/core/core/25-status.js"
    },
    "debug": {
     "name": "debug",
     "types": [
      "debug"
     ],
     "enabled": true,
     "local": false,
     "module": "node-red",
     "file": "/Users/silveirado/dev/nodered-mqtt-apollo-seed/node_modules/node-red/nodes/core/core/58-debug.js"
    },
    "link": {
     "name": "link",
     "types": [
      "link in",
      "link out"
     ],
     "enabled": true,
     "local": false,
     "module": "node-red",
     "file": "/Users/silveirado/dev/nodered-mqtt-apollo-seed/node_modules/node-red/nodes/core/core/60-link.js"
    },
    "exec": {
     "name": "exec",
     "types": [
      "exec"
     ],
     "enabled": true,
     "local": false,
     "module": "node-red",
     "file": "/Users/silveirado/dev/nodered-mqtt-apollo-seed/node_modules/node-red/nodes/core/core/75-exec.js"
    },
    "function": {
     "name": "function",
     "types": [
      "function"
     ],
     "enabled": true,
     "local": false,
     "module": "node-red",
     "file": "/Users/silveirado/dev/nodered-mqtt-apollo-seed/node_modules/node-red/nodes/core/core/80-function.js"
    },
    "template": {
     "name": "template",
     "types": [
      "template"
     ],
     "enabled": true,
     "local": false,
     "module": "node-red",
     "file": "/Users/silveirado/dev/nodered-mqtt-apollo-seed/node_modules/node-red/nodes/core/core/80-template.js"
    },
    "delay": {
     "name": "delay",
     "types": [
      "delay"
     ],
     "enabled": true,
     "local": false,
     "module": "node-red",
     "file": "/Users/silveirado/dev/nodered-mqtt-apollo-seed/node_modules/node-red/nodes/core/core/89-delay.js"
    },
    "trigger": {
     "name": "trigger",
     "types": [
      "trigger"
     ],
     "enabled": true,
     "local": false,
     "module": "node-red",
     "file": "/Users/silveirado/dev/nodered-mqtt-apollo-seed/node_modules/node-red/nodes/core/core/89-trigger.js"
    },
    "comment": {
     "name": "comment",
     "types": [
      "comment"
     ],
     "enabled": true,
     "local": false,
     "module": "node-red",
     "file": "/Users/silveirado/dev/nodered-mqtt-apollo-seed/node_modules/node-red/nodes/core/core/90-comment.js"
    },
    "unknown": {
     "name": "unknown",
     "types": [
      "unknown"
     ],
     "enabled": true,
     "local": false,
     "module": "node-red",
     "file": "/Users/silveirado/dev/nodered-mqtt-apollo-seed/node_modules/node-red/nodes/core/core/98-unknown.js"
    },
    "rpi-gpio": {
     "name": "rpi-gpio",
     "types": [
      "rpi-gpio in",
      "rpi-gpio out",
      "rpi-mouse",
      "rpi-keyboard"
     ],
     "enabled": true,
     "local": false,
     "module": "node-red",
     "file": "/Users/silveirado/dev/nodered-mqtt-apollo-seed/node_modules/node-red/nodes/core/hardware/36-rpi-gpio.js"
    },
    "tls": {
     "name": "tls",
     "types": [
      "tls-config"
     ],
     "enabled": true,
     "local": false,
     "module": "node-red",
     "file": "/Users/silveirado/dev/nodered-mqtt-apollo-seed/node_modules/node-red/nodes/core/io/05-tls.js"
    },
    "mqtt": {
     "name": "mqtt",
     "types": [
      "mqtt in",
      "mqtt out",
      "mqtt-broker"
     ],
     "enabled": true,
     "local": false,
     "module": "node-red",
     "file": "/Users/silveirado/dev/nodered-mqtt-apollo-seed/node_modules/node-red/nodes/core/io/10-mqtt.js"
    },
    "httpin": {
     "name": "httpin",
     "types": [
      "http in",
      "http response"
     ],
     "enabled": true,
     "local": false,
     "module": "node-red",
     "file": "/Users/silveirado/dev/nodered-mqtt-apollo-seed/node_modules/node-red/nodes/core/io/21-httpin.js"
    },
    "httprequest": {
     "name": "httprequest",
     "types": [
      "http request"
     ],
     "enabled": true,
     "local": false,
     "module": "node-red",
     "file": "/Users/silveirado/dev/nodered-mqtt-apollo-seed/node_modules/node-red/nodes/core/io/21-httprequest.js"
    },
    "websocket": {
     "name": "websocket",
     "types": [
      "websocket in",
      "websocket out",
      "websocket-listener",
      "websocket-client"
     ],
     "enabled": true,
     "local": false,
     "module": "node-red",
     "file": "/Users/silveirado/dev/nodered-mqtt-apollo-seed/node_modules/node-red/nodes/core/io/22-websocket.js"
    },
    "watch": {
     "name": "watch",
     "types": [
      "watch"
     ],
     "enabled": true,
     "local": false,
     "module": "node-red",
     "file": "/Users/silveirado/dev/nodered-mqtt-apollo-seed/node_modules/node-red/nodes/core/io/23-watch.js"
    },
    "tcpin": {
     "name": "tcpin",
     "types": [
      "tcp in",
      "tcp out",
      "tcp request"
     ],
     "enabled": true,
     "local": false,
     "module": "node-red",
     "file": "/Users/silveirado/dev/nodered-mqtt-apollo-seed/node_modules/node-red/nodes/core/io/31-tcpin.js"
    },
    "udp": {
     "name": "udp",
     "types": [
      "udp in",
      "udp out"
     ],
     "enabled": true,
     "local": false,
     "module": "node-red",
     "file": "/Users/silveirado/dev/nodered-mqtt-apollo-seed/node_modules/node-red/nodes/core/io/32-udp.js"
    },
    "switch": {
     "name": "switch",
     "types": [
      "switch"
     ],
     "enabled": true,
     "local": false,
     "module": "node-red",
     "file": "/Users/silveirado/dev/nodered-mqtt-apollo-seed/node_modules/node-red/nodes/core/logic/10-switch.js"
    },
    "change": {
     "name": "change",
     "types": [
      "change"
     ],
     "enabled": true,
     "local": false,
     "module": "node-red",
     "file": "/Users/silveirado/dev/nodered-mqtt-apollo-seed/node_modules/node-red/nodes/core/logic/15-change.js"
    },
    "range": {
     "name": "range",
     "types": [
      "range"
     ],
     "enabled": true,
     "local": false,
     "module": "node-red",
     "file": "/Users/silveirado/dev/nodered-mqtt-apollo-seed/node_modules/node-red/nodes/core/logic/16-range.js"
    },
    "split": {
     "name": "split",
     "types": [
      "split",
      "join"
     ],
     "enabled": true,
     "local": false,
     "module": "node-red",
     "file": "/Users/silveirado/dev/nodered-mqtt-apollo-seed/node_modules/node-red/nodes/core/logic/17-split.js"
    },
    "CSV": {
     "name": "CSV",
     "types": [
      "csv"
     ],
     "enabled": true,
     "local": false,
     "module": "node-red",
     "file": "/Users/silveirado/dev/nodered-mqtt-apollo-seed/node_modules/node-red/nodes/core/parsers/70-CSV.js"
    },
    "HTML": {
     "name": "HTML",
     "types": [
      "html"
     ],
     "enabled": true,
     "local": false,
     "module": "node-red",
     "file": "/Users/silveirado/dev/nodered-mqtt-apollo-seed/node_modules/node-red/nodes/core/parsers/70-HTML.js"
    },
    "JSON": {
     "name": "JSON",
     "types": [
      "json"
     ],
     "enabled": true,
     "local": false,
     "module": "node-red",
     "file": "/Users/silveirado/dev/nodered-mqtt-apollo-seed/node_modules/node-red/nodes/core/parsers/70-JSON.js"
    },
    "XML": {
     "name": "XML",
     "types": [
      "xml"
     ],
     "enabled": true,
     "local": false,
     "module": "node-red",
     "file": "/Users/silveirado/dev/nodered-mqtt-apollo-seed/node_modules/node-red/nodes/core/parsers/70-XML.js"
    },
    "YAML": {
     "name": "YAML",
     "types": [
      "yaml"
     ],
     "enabled": true,
     "local": false,
     "module": "node-red",
     "file": "/Users/silveirado/dev/nodered-mqtt-apollo-seed/node_modules/node-red/nodes/core/parsers/70-YAML.js"
    },
    "tail": {
     "name": "tail",
     "types": [
      "tail"
     ],
     "enabled": true,
     "local": false,
     "module": "node-red",
     "file": "/Users/silveirado/dev/nodered-mqtt-apollo-seed/node_modules/node-red/nodes/core/storage/28-tail.js"
    },
    "file": {
     "name": "file",
     "types": [
      "file",
      "file in"
     ],
     "enabled": true,
     "local": false,
     "module": "node-red",
     "file": "/Users/silveirado/dev/nodered-mqtt-apollo-seed/node_modules/node-red/nodes/core/storage/50-file.js"
    }
   }
  },
  "node-red-contrib-async": {
   "name": "node-red-contrib-async",
   "version": "0.0.4",
   "local": false,
   "nodes": {
    "async": {
     "name": "async",
     "types": [
      "async"
     ],
     "enabled": true,
     "local": false,
     "module": "node-red-contrib-async",
     "file": "/Users/silveirado/dev/nodered-mqtt-apollo-seed/node_modules/node-red-contrib-async/async.js"
    }
   }
  },
  "node-red-contrib-http-multipart": {
   "name": "node-red-contrib-http-multipart",
   "version": "0.3.2",
   "local": false,
   "nodes": {
    "httpInMultipart": {
     "name": "httpInMultipart",
     "types": [
      "httpInMultipart"
     ],
     "enabled": true,
     "local": false,
     "module": "node-red-contrib-http-multipart",
     "file": "/Users/silveirado/dev/nodered-mqtt-apollo-seed/node_modules/node-red-contrib-http-multipart/httpInMultipart.js"
    }
   }
  },
  "node-red-contrib-mongo-oplog": {
   "name": "node-red-contrib-mongo-oplog",
   "version": "0.0.1",
   "local": false,
   "nodes": {
    "mongodbOplog": {
     "name": "mongodbOplog",
     "types": [
      "mongodbOplog"
     ],
     "enabled": true,
     "local": false,
     "module": "node-red-contrib-mongo-oplog",
     "file": "/Users/silveirado/dev/nodered-mqtt-apollo-seed/node_modules/node-red-contrib-mongo-oplog/oplog.js"
    }
   }
  },
  "node-red-node-email": {
   "name": "node-red-node-email",
   "version": "0.1.24",
   "local": false,
   "nodes": {
    "email": {
     "name": "email",
     "types": [
      "e-mail",
      "e-mail in"
     ],
     "enabled": true,
     "local": false,
     "module": "node-red-node-email",
     "file": "/Users/silveirado/dev/nodered-mqtt-apollo-seed/node_modules/node-red-node-email/61-email.js"
    }
   }
  },
  "node-red-node-feedparser": {
   "name": "node-red-node-feedparser",
   "version": "0.1.8",
   "local": false,
   "nodes": {
    "feedparse": {
     "name": "feedparse",
     "types": [
      "feedparse"
     ],
     "enabled": true,
     "local": false,
     "module": "node-red-node-feedparser",
     "file": "/Users/silveirado/dev/nodered-mqtt-apollo-seed/node_modules/node-red-node-feedparser/32-feedparse.js"
    }
   }
  },
  "node-red-node-rbe": {
   "name": "node-red-node-rbe",
   "version": "0.1.13",
   "local": false,
   "nodes": {
    "rbe": {
     "name": "rbe",
     "types": [
      "rbe"
     ],
     "enabled": true,
     "local": false,
     "module": "node-red-node-rbe",
     "file": "/Users/silveirado/dev/nodered-mqtt-apollo-seed/node_modules/node-red-node-rbe/rbe.js"
    }
   }
  },
  "node-red-node-twitter": {
   "name": "node-red-node-twitter",
   "version": "0.1.11",
   "local": false,
   "nodes": {
    "twitter": {
     "name": "twitter",
     "types": [
      "twitter-credentials",
      "twitter in",
      "twitter out"
     ],
     "enabled": true,
     "local": false,
     "module": "node-red-node-twitter",
     "file": "/Users/silveirado/dev/nodered-mqtt-apollo-seed/node_modules/node-red-node-twitter/27-twitter.js"
    }
   }
  }
 },
 "_credentialSecret": "091a14f86443179d9984734c4669402bb8774aaeb0a4190bac439a86b4f3ffa6"
}